{
  "id": "8cd0ff6e-f879-4084-96b3-2265b8b1c2a6",
  "alias": "AppNotificationApplicationCustomizer",
  "componentType": "Extension",
  "extensionType": "ApplicationCustomizer",
  "version": "0.0.1",
  "manifestVersion": 2,
  "requiresCustomScript": false,
  "loaderConfig": {
    "internalModuleBaseUrls": [
      "<!-- PATH TO CDN -->"
    ],
    "entryModuleId": "app-notification-application-customizer",
    "scriptResources": {
      "app-notification-application-customizer": {
        "type": "path",
        "path": "app-notification-application-customizer.js"
      },
      "@microsoft/sp-application-base": {
        "type": "component",
        "id": "4df9bb86-ab0a-4aab-ab5f-48bf167048fb",
        "version": "1.15.0"
      },
      "@microsoft/sp-loader": {
        "type": "component",
        "id": "1c6c9123-7aac-41f3-a376-3caea41ed83f",
        "version": "1.15.0"
      },
      "AppNotificationApplicationCustomizerStrings": {
        "type": "path",
        "path": "AppNotificationApplicationCustomizerStrings_en-us.js"
      },
      "@microsoft/sp-core-library": {
        "type": "component",
        "id": "7263c7d0-1d6a-45ec-8d85-d4d1d234171b",
        "version": "1.15.0"
      },
      "@microsoft/sp-http": {
        "type": "component",
        "id": "c07208f0-ea3b-4c1a-9965-ac1b825211a6",
        "version": "1.15.0"
      }
    }
  }
}