{
  "$schema": "https://developer.microsoft.com/json-schemas/core-build/serve.schema.json",
  "port": 4321,
  "https": true,
  "serveConfigurations": {
    "default": {
      "pageUrl": "https://carcgl.sharepoint.com/sites/Dev/SitePages/Home.aspx",
      "customActions": {
        "8cd0ff6e-f879-4084-96b3-2265b8b1c2a6": {
          "location": "ClientSideExtension.ApplicationCustomizer",
          "properties": {
            "testMessage": "Test message"
          }
        }
      }
    },
    "appNotification": {
      "pageUrl": "https://carcgl.sharepoint.com/sites/Dev/SitePages/Home.aspx",
      "customActions": {
        "8cd0ff6e-f879-4084-96b3-2265b8b1c2a6": {
          "location": "ClientSideExtension.ApplicationCustomizer",
          "properties": {
            "testMessage": "Test message"
          }
        }
      }
    }
  }
}
