{
  "@microsoft/generator-sharepoint": {
    "plusBeta": false,
    "isCreatingSolution": true,
    "version": "1.15.0",
    "libraryName": "app-notification",
    "libraryId": "cdff5f7e-5b66-4aba-b396-88a89ab1d7fa",
    "environment": "spo",
    "packageManager": "npm",
    "solutionName": "AppNotification",
    "solutionShortDescription": "AppNotification description",
    "skipFeatureDeployment": true,
    "isDomainIsolated": false,
    "componentType": "extension",
    "extensionType": "ApplicationCustomizer"
  }
}
